allele;pop;af;n
A*02:01;Germany DKMS - German donors;0.2839;3456066
A*01:01;Germany DKMS - German donors;0.1537;3456066
A*03:01;Germany DKMS - German donors;0.151;3456066
A*24:02;Germany DKMS - German donors;0.0911;3456066
A*11:01;Germany DKMS - German donors;0.0528;3456066
A*32:01;Germany DKMS - German donors;0.0359;3456066
A*68:01;Germany DKMS - German donors;0.0359;3456066
A*26:01;Germany DKMS - German donors;0.0319;3456066
A*25:01;Germany DKMS - German donors;0.025;3456066
A*31:01;Germany DKMS - German donors;0.0235;3456066
A*29:02;Germany DKMS - German donors;0.023;3456066
A*23:01;Germany DKMS - German donors;0.0212;3456066
A*30:01;Germany DKMS - German donors;0.0145;3456066
A*33:01;Germany DKMS - German donors;0.0071;3456066
A*02:05;Germany DKMS - German donors;0.007;3456066
A*68:02;Germany DKMS - German donors;0.0068;3456066
A*30:02;Germany DKMS - German donors;0.0051;3456066
A*66:01;Germany DKMS - German donors;0.0044;3456066
A*33:03;Germany DKMS - German donors;0.0037;3456066
A*29:01;Germany DKMS - German donors;0.0024;3456066
A*03:02;Germany DKMS - German donors;0.002;3456066
A*02:06;Germany DKMS - German donors;0.0019;3456066
A*24:03;Germany DKMS - German donors;0.0017;3456066
A*30:04;Germany DKMS - German donors;0.0012;3456066
A*02:17;Germany DKMS - German donors;0.001;3456066
A*26:08;Germany DKMS - German donors;0.0008;3456066
A*69:01;Germany DKMS - German donors;0.0008;3456066
A*02:02;Germany DKMS - German donors;0.0006;3456066
A*02:30;Germany DKMS - German donors;0.0006;3456066
A*74:03;Germany DKMS - German donors;0.0005;3456066
A*34:02;Germany DKMS - German donors;0.0004;3456066
A*01:03;Germany DKMS - German donors;0.0003;3456066
A*02:07;Germany DKMS - German donors;0.0002;3456066
A*02:08;Germany DKMS - German donors;0.0002;3456066
A*02:22;Germany DKMS - German donors;0.0002;3456066
A*02:35;Germany DKMS - German donors;0.0002;3456066
A*33:05;Germany DKMS - German donors;0.0002;3456066
A*80:01;Germany DKMS - German donors;0.0002;3456066
A*01:02;Germany DKMS - German donors;0.0001;3456066
A*01:06;Germany DKMS - German donors;0.0001;3456066
A*02:03;Germany DKMS - German donors;0.0001;3456066
A*02:11;Germany DKMS - German donors;0.0001;3456066
A*02:20;Germany DKMS - German donors;0.0001;3456066
A*02:27;Germany DKMS - German donors;0.0001;3456066
A*02:29;Germany DKMS - German donors;0.0001;3456066
A*03:05;Germany DKMS - German donors;0.0001;3456066
A*24:07;Germany DKMS - German donors;0.0001;3456066
A*29:10;Germany DKMS - German donors;0.0001;3456066
A*32:04;Germany DKMS - German donors;0.0001;3456066
A*34:01;Germany DKMS - German donors;0.0001;3456066
A*36:01;Germany DKMS - German donors;0.0001;3456066
A*68:12;Germany DKMS - German donors;0.0001;3456066
A*74:01;Germany DKMS - German donors;0.0001;3456066
